Workbook

Sheet Předpoklady
A1: Model DIP – předpoklady
A2: Modré buňky se žlutým podkladem jsou vstupy – změňte je a celý sešit se přepočítá.
A4: Měsíční vklad | B4: 4000 | C4: Zadání (Ája B., Marek P.): 4 000 Kč měsíčně.
A5: Očekávaný roční výnos (po poplatcích) | B5: 0.07 | C5: Zadání: 7 % p. a. Stejný výnos u všech scénářů (DIP i investice mimo DIP).
A6: Roční limit odpočtu příspěvků na DIP | B6: 48000 | C6: Zákon o daních z příjmů, § 15a: společný limit 48 000 Kč ročně pro DIP, penzijní spoření a životní pojištění (od 2024).
A7: Sazba daně z příjmů | B7: 0.15 | C7: 15 % (do 36násobku průměrné mzdy). Nad tuto hranici 23 % – pak je úspora vyšší.
A8: Měsíc vrácení daně v následujícím roce | B8: 4 | C8: Přeplatek na dani vrací finanční úřad typicky v dubnu po podání přiznání (u zaměstnance po ročním zúčtování podobně).
A10: Měsíční výnos (odvozený) | B10: =(1+B5)^(1/12)-1 -> 0.0056541454 | C10: Měsíční výnos tak, aby za 12 měsíců dal přesně roční výnos z B5.
A11: Roční vklady | B11: =B4*12 -> 48000
A12: Roční daňová úspora | B12: =MIN(B11,B6)*B7 -> 7200 | C12: Odečitatelné příspěvky (max. limit) × sazba daně.
A14: Scénáře
A15: Bez DIP s fixací | C15: Stejný měsíční vklad a výnos, bez daňového zvýhodnění. Investice držená stejně dlouho (výnos z cenných papírů držených déle než 3 roky je osvobozen od daně, takže se nedaní ani mimo DIP).
A16: DIP + daňová úspora | C16: Investice v DIP + vrácená daň za každý rok ponechaná jako hotovost (bez dalšího zhodnocení).
A17: DIP + reinvestovaná daňová úspora | C17: Investice v DIP + vrácená daň investovaná v měsíci vrácení se stejným výnosem. Reinvestovaná úspora už další odpočet nepřináší – limit 48 000 Kč je vyčerpán samotnými vklady.
A19: Další předpoklady
A20: • Vklad vždy na začátku měsíce; zhodnocení měsíčně.
A21: • Daňová úspora za poslední rok horizontu se vrací až v dubnu následujícího roku – na konci horizontu je započtená jako nárok (hotovost k připsání).
A22: • Podmínky DIP: výběr nejdříve po 120 měsících a zároveň po 60. roce věku, jinak se úspora vrací. Horizonty 10/20/30 let odpovídají investorům ve věku 50/40/30 let.
A23: • Bez inflace, bez poplatků navíc (výnos 7 % je čistý), bez příspěvků zaměstnavatele.

Sheet Výsledky
A1: DIP – výsledky pro horizonty 10, 20 a 30 let
A3: Horizont (let) | B3: Vloženo celkem | C3: Bez DIP s fixací | D3: DIP + daňová úspora | E3: DIP + reinvestovaná daňová úspora | F3: Výhoda DIP oproti fixaci | G3: Výhoda DIP s reinvestováním | H3: Pro investora ve věku
A4: 10 | B4: =INDEX(Roky!$C$2:$C$32,A4+1) -> 480000 | C4: =INDEX(Roky!$D$2:$D$32,A4+1) -> 688075.53 | D4: =INDEX(Roky!$E$2:$E$32,A4+1) -> 760075.53 | E4: =INDEX(Roky!$F$2:$F$32,A4+1) -> 785496.1 | F4: =INDEX(Roky!$G$2:$G$32,A4+1) -> 72000 | G4: =INDEX(Roky!$H$2:$H$32,A4+1) -> 97420.573 | H4: =60-A4&" let" -> 50 let
A5: 20 | B5: =INDEX(Roky!$C$2:$C$32,A5+1) -> 960000 | C5: =INDEX(Roky!$D$2:$D$32,A5+1) -> 2041624.2 | D5: =INDEX(Roky!$E$2:$E$32,A5+1) -> 2185624.2 | E5: =INDEX(Roky!$F$2:$F$32,A5+1) -> 2330370 | F5: =INDEX(Roky!$G$2:$G$32,A5+1) -> 144000 | G5: =INDEX(Roky!$H$2:$H$32,A5+1) -> 288745.73 | H5: =60-A5&" let" -> 40 let
A6: 30 | B6: =INDEX(Roky!$C$2:$C$32,A6+1) -> 1440000 | C6: =INDEX(Roky!$D$2:$D$32,A6+1) -> 4704259.4 | D6: =INDEX(Roky!$E$2:$E$32,A6+1) -> 4920259.4 | E6: =INDEX(Roky!$F$2:$F$32,A6+1) -> 5369370.7 | F6: =INDEX(Roky!$G$2:$G$32,A6+1) -> 216000 | G6: =INDEX(Roky!$H$2:$H$32,A6+1) -> 665111.28 | H6: =60-A6&" let" -> 30 let
A8: Výpočet: list Měsíce (měsíční model) → Roky (stav ke konci roku) → Výsledky. Předpoklady a zdroje: list Předpoklady.

Sheet Měsíce
A1: Měsíc | B1: Rok | C1: Vklad | D1: Hodnota investice (konec měsíce) | E1: Vrácená daň v měsíci | F1: Vrácená daň kumulovaně (hotovost) | G1: Reinvestovaná daňová úspora (hodnota)
A2: 1 | B2: =ROUNDUP(A2/12,0) -> 1 | C2: =Předpoklady!$B$4 -> 4000 | D2: =(0+C2)*(1+Předpoklady!$B$10) -> 4022.6166 | E2: =IF(AND(A2>12,MOD(A2,12)=Předpoklady!$B$8),Předpoklady!$B$12,0) -> 0 | F2: =0+E2 -> 0 | G2: =0*(1+Předpoklady!$B$10)+E2 -> 0
A3: 2 | B3: =ROUNDUP(A3/12,0) -> 1 | C3: =Předpoklady!$B$4 -> 4000 | D3: =(D2+C3)*(1+Předpoklady!$B$10) -> 8067.9776 | E3: =IF(AND(A3>12,MOD(A3,12)=Předpoklady!$B$8),Předpoklady!$B$12,0) -> 0 | F3: =F2+E3 -> 0 | G3: =G2*(1+Předpoklady!$B$10)+E3 -> 0
A4: 3 | B4: =ROUNDUP(A4/12,0) -> 1 | C4: =Předpoklady!$B$4 -> 4000 | D4: =(D3+C4)*(1+Předpoklady!$B$10) -> 12136.212 | E4: =IF(AND(A4>12,MOD(A4,12)=Předpoklady!$B$8),Předpoklady!$B$12,0) -> 0 | F4: =F3+E4 -> 0 | G4: =G3*(1+Předpoklady!$B$10)+E4 -> 0
A5: 4 | B5: =ROUNDUP(A5/12,0) -> 1 | C5: =Předpoklady!$B$4 -> 4000 | D5: =(D4+C5)*(1+Předpoklady!$B$10) -> 16227.448 | E5: =IF(AND(A5>12,MOD(A5,12)=Předpoklady!$B$8),Předpoklady!$B$12,0) -> 0 | F5: =F4+E5 -> 0 | G5: =G4*(1+Předpoklady!$B$10)+E5 -> 0
A6: 5 | B6: =ROUNDUP(A6/12,0) -> 1 | C6: =Předpoklady!$B$4 -> 4000 | D6: =(D5+C6)*(1+Předpoklady!$B$10) -> 20341.817 | E6: =IF(AND(A6>12,MOD(A6,12)=Předpoklady!$B$8),Předpoklady!$B$12,0) -> 0 | F6: =F5+E6 -> 0 | G6: =G5*(1+Předpoklady!$B$10)+E6 -> 0
A7: 6 | B7: =ROUNDUP(A7/12,0) -> 1 | C7: =Předpoklady!$B$4 -> 4000 | D7: =(D6+C7)*(1+Předpoklady!$B$10) -> 24479.449 | E7: =IF(AND(A7>12,MOD(A7,12)=Předpoklady!$B$8),Předpoklady!$B$12,0) -> 0 | F7: =F6+E7 -> 0 | G7: =G6*(1+Předpoklady!$B$10)+E7 -> 0
A8: 7 | B8: =ROUNDUP(A8/12,0) -> 1 | C8: =Předpoklady!$B$4 -> 4000 | D8: =(D7+C8)*(1+Předpoklady!$B$10) -> 28640.476 | E8: =IF(AND(A8>12,MOD(A8,12)=Předpoklady!$B$8),Předpoklady!$B$12,0) -> 0 | F8: =F7+E8 -> 0 | G8: =G7*(1+Předpoklady!$B$10)+E8 -> 0
A9: 8 | B9: =ROUNDUP(A9/12,0) -> 1 | C9: =Předpoklady!$B$4 -> 4000 | D9: =(D8+C9)*(1+Předpoklady!$B$10) -> 32825.03 | E9: =IF(AND(A9>12,MOD(A9,12)=Předpoklady!$B$8),Předpoklady!$B$12,0) -> 0 | F9: =F8+E9 -> 0 | G9: =G8*(1+Předpoklady!$B$10)+E9 -> 0
A10: 9 | B10: =ROUNDUP(A10/12,0) -> 1 | C10: =Předpoklady!$B$4 -> 4000 | D10: =(D9+C10)*(1+Předpoklady!$B$10) -> 37033.244 | E10: =IF(AND(A10>12,MOD(A10,12)=Předpoklady!$B$8),Předpoklady!$B$12,0) -> 0 | F10: =F9+E10 -> 0 | G10: =G9*(1+Předpoklady!$B$10)+E10 -> 0
A11: 10 | B11: =ROUNDUP(A11/12,0) -> 1 | C11: =Předpoklady!$B$4 -> 4000 | D11: =(D10+C11)*(1+Předpoklady!$B$10) -> 41265.252 | E11: =IF(AND(A11>12,MOD(A11,12)=Předpoklady!$B$8),Předpoklady!$B$12,0) -> 0 | F11: =F10+E11 -> 0 | G11: =G10*(1+Předpoklady!$B$10)+E11 -> 0
A12: 11 | B12: =ROUNDUP(A12/12,0) -> 1 | C12: =Předpoklady!$B$4 -> 4000 | D12: =(D11+C12)*(1+Předpoklady!$B$10) -> 45521.189 | E12: =IF(AND(A12>12,MOD(A12,12)=Předpoklady!$B$8),Předpoklady!$B$12,0) -> 0 | F12: =F11+E12 -> 0 | G12: =G11*(1+Předpoklady!$B$10)+E12 -> 0
A13: 12 | B13: =ROUNDUP(A13/12,0) -> 1 | C13: =Předpoklady!$B$4 -> 4000 | D13: =(D12+C13)*(1+Předpoklady!$B$10) -> 49801.189 | E13: =IF(AND(A13>12,MOD(A13,12)=Předpoklady!$B$8),Předpoklady!$B$12,0) -> 0 | F13: =F12+E13 -> 0 | G13: =G12*(1+Předpoklady!$B$10)+E13 -> 0
A14: 13 | B14: =ROUNDUP(A14/12,0) -> 2 | C14: =Předpoklady!$B$4 -> 4000 | D14: =(D13+C14)*(1+Předpoklady!$B$10) -> 54105.388 | E14: =IF(AND(A14>12,MOD(A14,12)=Předpoklady!$B$8),Předpoklady!$B$12,0) -> 0 | F14: =F13+E14 -> 0 | G14: =G13*(1+Předpoklady!$B$10)+E14 -> 0
... A361: 360 | B361: =ROUNDUP(A361/12,0) -> 30 | C361: =Předpoklady!$B$4 -> 4000 | D361: =(D360+C361)*(1+Předpoklady!$B$10) -> 4704259.4 | E361: =IF(AND(A361>12,MOD(A361,12)=Předpoklady!$B$8),Předpoklady!$B$12,0) -> 0 | F361: =F360+E361 -> 208800 | G361: =G360*(1+Předpoklady!$B$10)+E361 -> 657911.28

Sheet Roky
A1: Rok | B1: Měsíc | C1: Vloženo celkem | D1: Bez DIP s fixací | E1: DIP + daňová úspora | F1: DIP + reinvestovaná daňová úspora | G1: Výhoda DIP oproti fixaci | H1: Výhoda DIP s reinvestováním
A2: 0 | B2: =A2*12 -> 0 | C2: =B2*Předpoklady!$B$4 -> 0 | D2: =IF(A2=0,0,INDEX(Měsíce!$D$2:$D$361,B2)) -> 0 | E2: =IF(A2=0,0,D2+INDEX(Měsíce!$F$2:$F$361,B2)+Předpoklady!$B$12) -> 0 | F2: =IF(A2=0,0,D2+INDEX(Měsíce!$G$2:$G$361,B2)+Předpoklady!$B$12) -> 0 | G2: =E2-D2 -> 0 | H2: =F2-D2 -> 0
A3: 1 | B3: =A3*12 -> 12 | C3: =B3*Předpoklady!$B$4 -> 48000 | D3: =IF(A3=0,0,INDEX(Měsíce!$D$2:$D$361,B3)) -> 49801.189 | E3: =IF(A3=0,0,D3+INDEX(Měsíce!$F$2:$F$361,B3)+Předpoklady!$B$12) -> 57001.189 | F3: =IF(A3=0,0,D3+INDEX(Měsíce!$G$2:$G$361,B3)+Předpoklady!$B$12) -> 57001.189 | G3: =E3-D3 -> 7200 | H3: =F3-D3 -> 7200
A4: 2 | B4: =A4*12 -> 24 | C4: =B4*Předpoklady!$B$4 -> 96000 | D4: =IF(A4=0,0,INDEX(Měsíce!$D$2:$D$361,B4)) -> 103088.46 | E4: =IF(A4=0,0,D4+INDEX(Měsíce!$F$2:$F$361,B4)+Předpoklady!$B$12) -> 117488.46 | F4: =IF(A4=0,0,D4+INDEX(Měsíce!$G$2:$G$361,B4)+Předpoklady!$B$12) -> 117820.66 | G4: =E4-D4 -> 14400 | H4: =F4-D4 -> 14732.197
A5: 3 | B5: =A5*12 -> 36 | C5: =B5*Předpoklady!$B$4 -> 144000 | D5: =IF(A5=0,0,INDEX(Měsíce!$D$2:$D$361,B5)) -> 160105.84 | E5: =IF(A5=0,0,D5+INDEX(Měsíce!$F$2:$F$361,B5)+Předpoklady!$B$12) -> 181705.84 | F5: =IF(A5=0,0,D5+INDEX(Měsíce!$G$2:$G$361,B5)+Předpoklady!$B$12) -> 182897.49 | G5: =E5-D5 -> 21600 | H5: =F5-D5 -> 22791.648
A6: 4 | B6: =A6*12 -> 48 | C6: =B6*Předpoklady!$B$4 -> 192000 | D6: =IF(A6=0,0,INDEX(Měsíce!$D$2:$D$361,B6)) -> 221114.44 | E6: =IF(A6=0,0,D6+INDEX(Měsíce!$F$2:$F$361,B6)+Předpoklady!$B$12) -> 249914.44 | F6: =IF(A6=0,0,D6+INDEX(Měsíce!$G$2:$G$361,B6)+Předpoklady!$B$12) -> 252529.7 | G6: =E6-D6 -> 28800 | H6: =F6-D6 -> 31415.261
A7: 5 | B7: =A7*12 -> 60 | C7: =B7*Předpoklady!$B$4 -> 240000 | D7: =IF(A7=0,0,INDEX(Měsíce!$D$2:$D$361,B7)) -> 286393.64 | E7: =IF(A7=0,0,D7+INDEX(Měsíce!$F$2:$F$361,B7)+Předpoklady!$B$12) -> 322393.64 | F7: =IF(A7=0,0,D7+INDEX(Měsíce!$G$2:$G$361,B7)+Předpoklady!$B$12) -> 327036.16 | G7: =E7-D7 -> 36000 | H7: =F7-D7 -> 40642.526
A8: 6 | B8: =A8*12 -> 72 | C8: =B8*Předpoklady!$B$4 -> 288000 | D8: =IF(A8=0,0,INDEX(Měsíce!$D$2:$D$361,B8)) -> 356242.38 | E8: =IF(A8=0,0,D8+INDEX(Měsíce!$F$2:$F$361,B8)+Předpoklady!$B$12) -> 399442.38 | F8: =IF(A8=0,0,D8+INDEX(Měsíce!$G$2:$G$361,B8)+Předpoklady!$B$12) -> 406758.08 | G8: =E8-D8 -> 43200 | H8: =F8-D8 -> 50515.7
A9: 7 | B9: =A9*12 -> 84 | C9: =B9*Předpoklady!$B$4 -> 336000 | D9: =IF(A9=0,0,INDEX(Měsíce!$D$2:$D$361,B9)) -> 430980.54 | E9: =IF(A9=0,0,D9+INDEX(Měsíce!$F$2:$F$361,B9)+Předpoklady!$B$12) -> 481380.54 | F9: =IF(A9=0,0,D9+INDEX(Měsíce!$G$2:$G$361,B9)+Předpoklady!$B$12) -> 492060.53 | G9: =E9-D9 -> 50400 | H9: =F9-D9 -> 61079.996
A10: 8 | B10: =A10*12 -> 96 | C10: =B10*Předpoklady!$B$4 -> 384000 | D10: =IF(A10=0,0,INDEX(Měsíce!$D$2:$D$361,B10)) -> 510950.36 | E10: =IF(A10=0,0,D10+INDEX(Měsíce!$F$2:$F$361,B10)+Předpoklady!$B$12) -> 568550.36 | F10: =IF(A10=0,0,D10+INDEX(Měsíce!$G$2:$G$361,B10)+Předpoklady!$B$12) -> 583334.16 | G10: =E10-D10 -> 57600 | H10: =F10-D10 -> 72383.793
A11: 9 | B11: =A11*12 -> 108 | C11: =B11*Předpoklady!$B$4 -> 432000 | D11: =IF(A11=0,0,INDEX(Měsíce!$D$2:$D$361,B11)) -> 596518.08 | E11: =IF(A11=0,0,D11+INDEX(Měsíce!$F$2:$F$361,B11)+Předpoklady!$B$12) -> 661318.08 | F11: =IF(A11=0,0,D11+INDEX(Měsíce!$G$2:$G$361,B11)+Předpoklady!$B$12) -> 680996.93 | G11: =E11-D11 -> 64800 | H11: =F11-D11 -> 84478.856
A12: 10 | B12: =A12*12 -> 120 | C12: =B12*Předpoklady!$B$4 -> 480000 | D12: =IF(A12=0,0,INDEX(Měsíce!$D$2:$D$361,B12)) -> 688075.53 | E12: =IF(A12=0,0,D12+INDEX(Měsíce!$F$2:$F$361,B12)+Předpoklady!$B$12) -> 760075.53 | F12: =IF(A12=0,0,D12+INDEX(Měsíce!$G$2:$G$361,B12)+Předpoklady!$B$12) -> 785496.1 | G12: =E12-D12 -> 72000 | H12: =F12-D12 -> 97420.573
A13: 11 | B13: =A13*12 -> 132 | C13: =B13*Předpoklady!$B$4 -> 528000 | D13: =IF(A13=0,0,INDEX(Měsíce!$D$2:$D$361,B13)) -> 786042.01 | E13: =IF(A13=0,0,D13+INDEX(Měsíce!$F$2:$F$361,B13)+Předpoklady!$B$12) -> 865242.01 | F13: =IF(A13=0,0,D13+INDEX(Měsíce!$G$2:$G$361,B13)+Předpoklady!$B$12) -> 897310.22 | G13: =E13-D13 -> 79200 | H13: =F13-D13 -> 111268.21
... A32: 30 | B32: =A32*12 -> 360 | C32: =B32*Předpoklady!$B$4 -> 1440000 | D32: =IF(A32=0,0,INDEX(Měsíce!$D$2:$D$361,B32)) -> 4704259.4 | E32: =IF(A32=0,0,D32+INDEX(Měsíce!$F$2:$F$361,B32)+Předpoklady!$B$12) -> 4920259.4 | F32: =IF(A32=0,0,D32+INDEX(Měsíce!$G$2:$G$361,B32)+Předpoklady!$B$12) -> 5369370.7 | G32: =E32-D32 -> 216000 | H32: =F32-D32 -> 665111.28
A34: Hodnoty ke konci roku. Daňová úspora za právě skončený rok je započtená jako nárok (vrací se v dubnu dalšího roku).
